ID,Tên sản phẩm,Thương hiệu,Giá,Giá gốc,Giảm giá,Phần trăm giảm,Đánh giá,Số lượt đánh giá
279325148,Bút bi Claro ARROW 0.5mm Mực Xanh (Giao Màu Ngẫu Nhiên),Claro,3750,5000,1250,25,0.0,0
279218500,Ship of Theseus - NXB Trẻ,,45000,50000,5000,10,5.0,25
279157961,Sách Hikaru - Kì Thủ Cờ Vây - Ultimate Edition ( Chọn Tập),,72200,80000,7800,10,5.0,29
279112904,Thám Tử Lừng Danh Conan - Tập 107,,22500,25000,2500,10,5.0,24
278968251,Hàng Xóm Của Tôi TOTORO (Truyện tranh màu) - [Chọn Tập Lẻ,,71250,75000,3750,5,5.0,15
278967562,Monster - Deluxe Edition –  [Chọn Tập Lẻ,,118750,125000,6250,5,5.0,66
278879928,Sách Nếu Như Không Thể Nói Nếu Như & Có Ai Giữ Giùm Những Lãng Quên & Thức Dậy Anh Vẫn Là Mơ - Tái Bản 2025,,86250,115000,28750,25,5.0,12
278856619,Sách Cô Bé Hàng Xóm Và Bốn Viên Kẹo (Nguyễn Nhật Ánh) - 2 phiên bản & quà tặng kèm,,151000,200000,49000,25,5.0,75
278790552,Bộ Truyện One Piece [Chọn Tập Lẻ,,29100,30000,900,3,5.0,288
278785576,Sách Dragon Ball - 7 Viên Ngọc Rồng [Chọn Tập Lẻ,,29100,30000,900,3,4.8,4
278777861,Bộ Sách Quiz! Khoa Học Kì Thú [Chọn Tập Lẻ,,55200,75000,19800,26,5.0,35
278777851,Sách Ma Đạo Tổ Sư - Tái Bản,,131200,179000,47800,27,5.0,41
278729070,Sách Chu Du Ẩm Thực Tại Dị Giới Với Kĩ Năng Không Tưởng - Sui Phiêu Lưu Ký  [Chọn Tập Lẻ,,33250,35000,1750,5,5.0,9
278715265,Sách Hà Thanh Hải Yến - Ngang Qua Ngõ Nhỏ Bình An,,122500,196000,73500,38,5.0,7
278710197,Rắc Rối Đáng Yêu - Love☆Com,,45000,50000,5000,10,5.0,10
278706881,Itto - Sóng Gió Cầu Trường - [Tái Bản 2025,,23750,25000,1250,5,5.0,35
278523761,Siêu Quậy Teppei Tập 1 – Tập 31,,22500,25000,2500,10,5.0,14
278496130,Thanh Gươm Diệt Quỷ,,28500,30000,1500,5,5.0,530
278463126,Komi - Nữ Thần Sợ Giao Tiếp ( Chọn Tập Lẻ),,28500,30000,1500,5,4.8,361
278275166,Hoa Thơm Kiêu Hãnh (Chọn tập lẻ),,44000,55000,11000,20,5.0,13
277962612,Sách Thiên Quan Tứ Phúc,,123900,169000,45100,27,4.8,92
277591013,Bộ Truyện - Itto - Cơn lốc sân cỏ,,1116250,1175000,58750,5,5.0,22
277228103,Sách Husky Và Sư Tôn Mèo Trắng Của Hắn,,119600,189000,69400,37,4.7,29
276933744,Combo Giáo Trình Chuẩn HSK 1 - Sách Bài Học và Bài tập (Bộ 2 cuốn),,284700,356000,71300,20,4.6,17
276659602,Series các tập Claymore,,36000,40000,4000,10,5.0,64
276657645,Sách Hệ Thống Tự Cứu Của Nhân Vật Phản Diện (Tái bản),,123000,179000,56000,31,4.6,42
274363543,Sách Con Đường Chẳng Mấy Ai Đi,,115000,165000,50000,30,5.0,326
273819808,Sách Tâm Lý Học Về Tiền,,150600,239000,88400,37,4.8,3797
272188850,Soul Eater,,76000,95000,19000,20,5.0,30
272155345,Sách Kính Vạn Hoa Chết Chóc,,129900,189000,59100,31,5.0,178
262664014,Combo Doraemon Truyện Ngắn,,222300,250000,27700,11,5.0,32
249876840,"Sách Beartown - Thị trấn nhỏ, giấc mơ lớn",,167000,210000,43000,20,5.0,212
202879294,Sách Người Đàn Ông Mang Tên Ove (Tái Bản),,128000,160000,32000,20,5.0,564
165030729,Sách Những Kẻ Âu Lo,,149000,180000,31000,17,5.0,211
115078652,Sách Huấn Luyện Cảm Xúc Để Con Trẻ Phát Triển Toàn Diện,,142560,198000,55440,28,5.0,91
91947689,Sách 7 Thói Quen Hiệu Quả (The 7 Habits Of Highly Effective People) - Stephen R. Covey - PACE Books,,169200,250000,80800,32,5.0,1002
13920941,Combo Doraemon - Truyện Dài (Trọn Bộ 24 Cuốn) - Tái Bản,,529200,600000,70800,12,5.0,867
2987219,Sách Giáo Trình Chuẩn YCT 1 (Kèm file MP3),,110000,138000,28000,20,4.8,180
1080002,Sách Boxset Harry Potter - Tiếng Việt (Trọn Bộ 7 Tập),,1473000,1750000,277000,16,4.7,1607
540039,Sách Giáo Trình Chuẩn HSK 1 - Bài Học (Kèm file MP3),,157000,198000,41000,21,4.8,966
279428996,Sách Chú Thuật Hồi Chiến - Tập 28,,58500,65000,6500,10,5.0,2
279394165,Thám tử thừa kế,,50000,55000,5000,9,5.0,1
279374424,Sách Chú Thuật Hồi Chiến - Tập 27,,28500,30000,1500,5,5.0,1
279292568,Song Mệnh Cõi Hoàng Tuyền,,33250,35000,1750,5,5.0,7
279258712,Sách Host Club Trường Ouran,,33250,35000,1750,5,5.0,9
279236031,"Điệu múa chim công, có ai thấy không",,51000,58000,7000,12,5.0,10
279235202,Sách Khúc Hát Đêm Thâu [Chọn Tập,,33250,35000,1750,5,4.6,9
278788044,Sách BEASTARS [Chọn Tập Lẻ,,33250,35000,1750,5,5.0,21
278756674,Sách Nisekoi - Cặp Đôi Giả Tạo,,38000,38000,0,0,5.0,18
278749523,Ngũ Hành Của Tôi Thiếu Em,,131200,179000,47800,27,5.0,34
278729052,Doraemon Movie Story Màu - Phiên Bản Mới: Nobita Và Binh Đoàn Người Sắt - Đôi Cánh Thiên Thần,,34300,35000,700,2,5.0,8
278684154,Nữ Binh Thần Tốc,,36000,45000,9000,20,5.0,16
278423155,"Sách Hồi Ức, Giấc Mơ, Suy Ngẫm - Hành Trình Vào Nội Tâm Của Carl Jung – Nơi Ký Ức, Giấc Mơ Và Triết Lý Giao Thoa",,213000,345000,132000,38,5.0,99
278123405,Sobotei Dinh Thự Ma Ám (Chọn tập lẻ),,36000,45000,9000,20,5.0,15
277397107,Sách Phía Đông Vườn Địa Đàng,,279000,380000,101000,27,4.5,79
276948798,"Sách Lên Đỉnh Núi Mở Tiệm Bánh Mì - Triết lí Wazawaza: Những con người hạnh phúc, 2 loại bánh mì, và doanh thu thường niên 300 triệu Yên",,108000,150000,42000,28,4.8,111
276933755,Combo Giáo Trình Chuẩn HSK 4 Tập 1 - Sách Bài Học và Bài tập (Bộ 2 cuốn),,313000,376000,63000,17,5.0,6
276933752,Combo Giáo Trình Chuẩn HSK 3 - Sách Bài Học và Bài tập (Bộ 2 cuốn),,390200,476000,85800,18,5.0,4
276883579,Sống Sáng - Phan Việt - Sáng Books,,200000,200000,0,0,5.0,61
276425570,Thám Tử Lừng Danh Conan (Bản Nâng Cấp) - [Chọn Tập Lẻ,,33250,35000,1750,5,5.0,8
276078455,Series các tập Gachiakuta,,40000,45000,5000,11,5.0,20
276019606,Sách Không Gia Đình (Tái Bản),,156950,215000,58050,27,4.8,222
273746688,Sách Địa Cầu Online,,186100,229000,42900,19,4.8,25
273691914,Sách Trăm năm cô đơn,,176250,235000,58750,25,4.8,41
273182700,Combo Dragon Ball Super,,662400,690000,27600,4,5.0,17
272447731,Sách Xông vào lối âm dương,,112400,169000,56600,33,5.0,86
263035841,Sách Vòng Quanh Thế Giới,,9440,12000,2560,21,4.8,6
194960730,Sách Nỗi buồn chiến tranh,,99000,130000,31000,24,5.0,367
192909292,Sách Án Mạng Trên Chuyến Tàu Tốc Hành Phương Đông,,98000,120000,22000,18,5.0,148
190335975,Combo 2 cuốn Truyện Dành Cho Thiếu Nhi : Tuổi Thơ Dữ Dội - Tập 1 + 2 (Tái Bản),,128000,160000,32000,20,5.0,184
176831144,Combo 23 Tập Thanh Gươm Diệt Quỷ (Tập 1-23),,621000,690000,69000,10,5.0,50
140416370,Sách Flow - Dòng Chảy,,175560,228000,52440,23,5.0,806
109017985,"Sách Thiên Tài Bên Trái, Kẻ Điên Bên Phải (Tái Bản)",,128880,179000,50120,28,4.8,5496
76013378,Sách Storytelling With Data - Kể Chuyện Thông Qua Dữ Liệu (Cuốn Cẩm Nang Hướng Dẫn Trực Quan Hóa Dữ Liệu),,219300,319000,99700,31,5.0,1942
59511811,Sách Dấu Chân Trên Cát - Nguyên Phong (Tái Bản 2020),,111000,148000,37000,25,4.8,1054
56609155,Sách Trường Ca Achilles (Quà Tặng Kèm: 01 Bookmark + 01 Phụ Lục),,124800,156000,31200,20,5.0,815
17493916,Sách Luyện Nói Tiếng Trung Quốc Cấp Tốc Cho Người Bắt Đầu - Tập 1 (Kèm file MP3) (Tái Bản),,139000,168000,29000,17,5.0,85
7953305,"Combo Tổng Hợp Chuyên Đề Trọng Tâm Thi Vào 10 Chuyên
Và Học Sinh Giỏi Toán 9",,234000,318000,84000,26,4.8,266
7833728,Sách Dạy Con Làm Giàu (Tập 1) - Để Không Có Tiền Vẫn Tạo Ra Tiền - Cha Giàu Cha Nghèo (Tái Bản),,57000,80000,23000,29,4.8,3594
4780917,Sách Người Đua Diều (Tái Bản),,116250,155000,38750,25,4.8,2745
279437167,"Sách Hẹn Gặp Lại, Quốc Vương Của Tôi - Tập 7",,137830,179000,41170,23,4.6,8
279414086,Sách Viết Cũng Là Học - Writing to learn,,135200,169000,33800,20,4.5,6
279321804,Sách Chờ Ngày Bình Yên,,89250,119000,29750,25,4.7,3
279313607,Bộ Sách Tô Màu 6 Cuốn Họa Sĩ Nhí Vẽ Thế Giới,,15000,20000,5000,25,0.0,0
278966679,Sách - Phương Pháp Đặt Câu Hỏi Của Socrates - Khai Mở Tư Duy Phản Biện Và Hiểu Biết Sâu Sắc,,99000,110000,11000,10,4.7,20
278949619,Quý tộc nhà nông,,57000,65000,8000,12,5.0,5
278860289,Sách Nguyễn Nhật Ánh - Cô Bé Hàng Xóm Và Bốn Viên Kẹo - Bìa Cứng - Tặng Kèm Random 1 Trong 4 Mẫu Bookmark + Sticker + Sổ Vẽ,,184000,200000,16000,8,5.0,18
278838097,Sách Tính Bản Ác (M. Scott Peck) - Tuệ Tri,,133000,185000,52000,28,4.7,38
278724728,Sách Giải Mã Tâm Lý Hành Vi Về Tiền,,161900,239000,77100,32,4.8,32
278690049,"Sách Giáo Trình Destination Grammar & Vocabulary B1, B2, C1&C2 (Phân Loại Lẻ)",,137000,178000,41000,23,4.8,13
278572376,Combo Perman - Cậu Bé Siêu Nhân,,157500,175000,17500,10,5.0,15
278492587,Sách Kính Vạn Hoa - Bộ 18 Tập [ Phiên Bản Mới,,67200,86000,18800,22,5.0,25
278160412,Sách Nếp Nhà - Từ Gốc Rễ Đến Ngọn Gió,,179250,239000,59750,25,5.0,8
277728224,"Sách Nói Chuyện Là Bản Năng, Giữ Miệng Là Tu Dưỡng, Im Lặng Là Trí Tuệ",,119100,189000,69900,37,4.8,468
277622005,Sách Boxset Cá Voi Đêm Bão Và Những Câu Chuyện Khác (5 Cuốn),,195000,260000,65000,25,5.0,18
277599506,Sách Đôi mắt của Mona,,260260,338000,77740,23,4.7,31
276960030,Sách Khi Mọi Điều Không Như Ý,,101250,135000,33750,25,5.0,130
276471716,Sách Cách Sống,,73600,99000,25400,26,4.8,330
273349964,Cecilia & Lawrence ( Chọn Tập Lẻ),,38800,40000,1200,3,5.0,15
273219497,Series các tập Moriarty the patriot,,36000,45000,9000,20,5.0,61
272367381,Sách Trốn Lên Mái Nhà Để Khóc,,73150,95000,21850,23,5.0,159
271916321,"	 Sách Mùa hè không tên (Nguyễn Nhật Ánh) - Tặng kèm Bookmark, Tranh màu",,103500,130000,26500,20,5.0,471
251255482,Doraemon - Chú Mèo Máy Đến Từ Tương Lai Tập 26 (Tái Bản),,23750,25000,1250,5,5.0,1
220665663,Sách 30 Tuổi - Mọi Thứ Chỉ Mới Bắt Đầu,,94000,135000,41000,30,4.8,170
205942263,Sách Tận Hưởng Hành Trình Nuôi Con Sữa Mẹ,,116250,155000,38750,25,4.8,71
202450677,Chú Thuật Hồi Chiến Tập 8,,28000,30000,2000,7,5.0,537
192125792,Sách Harry Potter và Hòn đá phù thủy - Tập 1 (Tái Bản 2022) ,,125000,150000,25000,17,5.0,168
186290796,Sách Còn chút gì để nhớ (Tái Bản 2022),,38000,43000,5000,12,5.0,133
186286190,Sách Mắt Biếc (Tái Bản 2022),,39990,43000,3010,7,5.0,68
170708233,Sách Thay Đổi Tí Hon - Hiệu Quả Bất Ngờ Atomic Habits (Tái Bản Lần 4),,149000,189000,40000,21,4.8,903
168662171,Sách Vừa Nhắm Mắt Vừa Mở Cửa Số,,63000,75000,12000,16,5.0,204
95289208,Sách Người Bà Tài Giỏi Vùng Saga,,93440,128000,34560,27,5.0,532
82996522,Sách Tư Bản Thế Kỷ 21,,227000,300000,73000,24,4.8,259
52789367,Sách Nhà Giả Kim (Tái Bản),,78000,95000,17000,18,5.0,6089
50322710,Sách 48 Nguyên Tắc Chủ Chốt Của Quyền Lực (Tái Bản 2020),,167000,200000,33000,17,5.0,983
50263061,Combo Thám Tử Lừng Danh Conan Tập 21 - 30 (Bộ 10 cuốn),,237500,250000,12500,5,5.0,192
7369223,Sách Cho Tôi Xin Một Vé Đi Tuổi Thơ,,68400,90000,21600,24,4.8,1714
3304875,Sách Điều Kỳ Diệu Của Tiệm Tạp Hóa NAMIYA (Tái Bản),,107030,139000,31970,23,5.0,4903
1215677,Sách Từ Những Hạt Mầm: Hột Điều Của Sóc,,11500,15000,3500,23,5.0,7
997535,Sách Gọi Em Bằng Tên Anh - Call Me By Your Name,,92000,115000,23000,20,4.8,847
279358057,Sách Làm Dâu Nhà Giáo,,158010,229000,70990,31,5.0,9
279334959,Sách Tiếng Lòng Khó Giấu (Tập 2),,126750,169000,42250,25,4.8,11
279236017,Hồn Oda Da Shiba,,44000,55000,11000,20,5.0,1
278963850,Kính Vạn Hoa Bộ Kỉ Niệm 30 Năm - Tặng Kèm 01 Sổ Tay Kính Vạn Hoa,,211000,240000,29000,12,5.0,12
278901566,Sách Đời Gió Bụi,,297500,350000,52500,15,4.7,21
278892527,Sách Tokyo Aliens - [Chọn Tập Lẻ,,38000,38000,0,0,4.5,17
278800709,Điểm Kỳ Dị Đã Cận Kề - Khi Con Người Hợp Nhất Với AI,,166500,245000,78500,32,4.2,5
278500643,Sách Động Từ Bất Quy Tắc & Ngữ Pháp Tiếng Anh Căn Bản,,13860,18000,4140,23,5.0,2
278489414,Sách Tư Duy Hệ Thống,,100200,159000,58800,37,5.0,20
278275295,Sách Chiến Binh Cầu Vồng (Tái Bản),,103950,135000,31050,23,4.6,426
277827033,Sách Lần Đầu Làm Mẹ - Tổng Hợp Những Kiến Thức Mới Nhất Về Mang Thai Và Sinh Nở,,194400,299000,104600,35,4.8,437
277384364,Hồ Sơ Mật The Top Secret Season 0,,44000,55000,11000,20,5.0,19
276933759,Combo Giáo Trình Chuẩn HSK 5 Tập 1 - Sách Bài Học và Bài tập (Bộ 2 cuốn),,389000,466000,77000,17,5.0,3
276305454,Sách Trường Tương Tư,,158800,229000,70200,31,5.0,16
276285600,Phù thủy và dã thú,,49500,55000,5500,10,5.0,2
275396866,Sách Tố Thư,,303050,400000,96950,24,5.0,21
275212810,Sách MBA CƠ BẢN - Khóa Học Quản Trị Kinh Doanh Cấp Tốc Cho Người Bận Rộn - Tom Gorman (bìa mềm),,176000,269000,93000,35,5.0,20
275034810,Sách Thánh Kinh Marketing,,187600,268000,80400,30,5.0,7
273200683,Series các tập Chu Du Ẩm Thực Tại Dị Giới Với Kĩ Năng Không Tưởng,,38000,40000,2000,5,5.0,32
272854044,Sách Tiếng Anh Giao Tiếp Bệnh Viện dành cho người mới bắt đầu - Tác giả BS. Đỗ Trung Kiên,,179000,199000,20000,10,5.0,64
272447903,Sách Đừng nhặt bạn trai trong thùng rác,,138600,189000,50400,27,5.0,67
263070154,Sách Giải mã Hoóc-môn Dopamine,,147000,198000,51000,26,4.8,357
262304692,Doraemon - Chú Mèo Máy Đến Từ Tương Lai Tập 37,,21120,22000,880,4,5.0,19
242085691,Doraemon Tập 6: Nobita Và Cuộc Chiến Vũ Trụ [Tái Bản 2023],,20900,22000,1100,5,0.0,0
195291930,Sách Bốn Thỏa Ước,,100100,130000,29900,23,5.0,289
190861557,Sách Yêu Những Ngày Nắng Chẳng Ghét Những Ngày Mưa,,52800,132000,79200,60,5.0,934
139303869,Sách Nghệ Thuật Tinh Tế Của Việc Đếch Quan Tâm (Tái Bản),,93440,128000,34560,27,5.0,599
87391039,Sách Thuật Yêu Đương (Tái Bản),,98000,120000,22000,18,5.0,233
74021317,Sách Cây Cam Ngọt Của Tôi,,93750,125000,31250,25,5.0,13529
73207240,Sách Xa Ngoài Kia Nơi Loài Tôm Hát - Where The Crawdads Sing,,128700,165000,36300,22,5.0,742
72202103,Sách Con Chim Xanh Biếc Bay Về (Nguyễn Nhật Ánh) (Bìa Mềm),,106875,150000,43125,29,5.0,4404
57325187,Sách Người Giàu Có Nhất Thành Babylon (Tái Bản 2020),,75460,98000,22540,23,5.0,2572
48629535,Sách Ngày Xưa Có Một Chuyện Tình (Tái Bản),,106875,135000,28125,21,5.0,999
14643411,Sách Điều Kỳ Diệu (Tái Bản),,144000,180000,36000,20,4.8,284
10866305,Sách Tư Duy Pháp Lý Của Luật Sư (Tái Bản),,205000,260000,55000,21,5.0,149
10866303,Sách Agatha Christie - Vụ Ám Sát Ông Roger Ackroyd (Tái Bản),,124000,150000,26000,17,4.8,213
10738198,Combo Danh Nhân Thế Giới (10 cuốn) - Tái Bản,,225000,300000,75000,25,4.8,754
7982628,Sách Suối Nguồn (Tái Bản),,294000,380000,86000,23,4.8,1505
3954355,Sách Yêu Những Điều Không Hoàn Hảo,,130130,169000,38870,23,5.0,4092
633125,Sách Lĩnh Nam Chích Quái,,266000,350000,84000,24,4.8,479
279308786,Sách Người Trong Mộng Của Nam Chính Phải Lòng Tôi (Tập 1),,183200,229000,45800,20,5.0,12
279292547,Sách Dan Da Dan - Tập 3 + Special Cover,,42750,45000,2250,5,5.0,20
278948458,Sách Vòng Lặp Thứ 7 Của Tiểu Thư Phản Diện - Cuộc Sống Hôn Nhân Tự Tại Giữa Lòng Địch Quốc (Chọn Tập Lẻ),,45125,47500,2375,5,5.0,5
278856940,Agatha Christie. Bí Mật Dinh Thự Chimneys,,123000,160000,37000,23,5.0,21
278841848,Doraemon Movie Story Màu: Nobita Và Những Hiệp Sĩ Không Gian,,34300,35000,700,2,5.0,1
278810625,Sách Lịch Sử Thế Giới Vô Hình,,369600,480000,110400,23,4.6,14
278668649,Sách Sống Đời Giản Dị,,53000,70000,17000,24,5.0,14
278572380,Perman - Cậu Bé Siêu Nhân,,24500,25000,500,2,0.0,0
278492655,Sách Kính Vạn Hoa - Bộ 9 Tập,,96800,135000,38200,28,5.0,27
278159678,Truyện tranh tâm lý học đường - Bí quyết học tập bứt phá (Sách bản quyền),,40900,58000,17100,29,0.0,0
278035545,Sách Tư Duy Đầu Tư - Tiền Đẻ Ra Tiền,,155600,239000,83400,35,4.7,18
277938216,Sách Sống cuộc đời giàu có nhất của bạn (Robin Sharma),,164000,200000,36000,18,5.0,26
277914851,Bộ 3 Sách Song Ngữ: Lời thì thầm trong tổ ấm + Lời thì thầm với cha + Lời thì thầm với mẹ - Đầy Đủ File Nghe,,397980,594000,196020,33,4.7,15
277809376,Sách Tư duy dã tràng - Tim trí giao tranh,,135000,160000,25000,16,5.0,46
277671463,Tình Yêu Nhân Vật Phụ,,36000,45000,9000,20,5.0,8
276922183,Thám Tử Lừng Danh Conan Tập 105,,24500,25000,500,2,5.0,31
275925573,Bộ Truyện Tranh Dấu Ấn Hoàng Gia [ Nữ Hoàng Ai Cập ] - (Chọn Tập Lẻ),,29400,30000,600,2,5.0,67
275362670,Sakamoto Days Sát thủ huyền thoại [Chọn Tập Lẻ,,36000,43000,7000,16,5.0,66
273355903,"Sách Làm Cha Mẹ Tỉnh Thức - Chuyển Hóa Bản Thân, Trao Quyền Cho Con Cái",,126400,179000,52600,29,5.0,839
272404892,Sách Phụ nữ tỳ hư rất mau già,,120450,165000,44550,27,5.0,17
271518926,Sách Dám bị ghét,,102240,142000,39760,28,5.0,80
271380890,Sách Đúng Việc,,90000,125000,35000,28,5.0,977
270790324,Doraemon Plus Tập 5,,23750,25000,1250,5,5.0,74
249875170,Sách Hai số phận (bìa cứng),,215350,295000,79650,27,5.0,387
246073880,Combo Thám Tử Lừng Danh Conan Hoạt Hình Màu: Kẻ Hành Pháp Zero (Tập 1 + Tập 2) (2 Cuốn),,114000,120000,6000,5,5.0,4
210277880,Sách Con người và Biểu tượng - Man and his symbols,,378000,525000,147000,28,4.8,234
195545304,Sách Khéo Ăn Nói Sẽ Có Được Thiên Hạ,,82500,130000,47500,37,4.8,159
187600387,Sách Giải Thích Bộ Đề Thi Vào 10 Chuyên - Khối Chuyên Anh,,105000,159000,54000,34,4.8,33
107802183,Sách Sức Mạnh Tiềm Thức (Tái Bản) (Bìa Mềm),,98560,128000,29440,23,5.0,983
104314401,Sách Bí Mật Của May Mắn (Khổ Lớn) (Tái Bản),,52360,68000,15640,23,4.8,548
101782486,"Sách Deep Work - Làm Ra Làm, Chơi Ra Chơi (Tái Bản)",,96800,159000,62200,39,4.7,363
90056907,Sách Khởi Nghiệp Tinh Gọn (The Lean Startup) (Tái Bản),,118500,165000,46500,28,5.0,605
89402951,Sách Giáo Trình Chuẩn HSK 4 - Tập 1 Bài Học (Quét Mã QR Để Nghe File MP3)(Tái Bản),,180000,228000,48000,21,4.7,72
77982982,Sách Trí Tuệ Xúc Cảm,,131400,199000,67600,34,4.8,379
73207098,Sách Làm Chủ - Mastery,,166000,200000,34000,17,4.8,378
45663008,Sách Ngày Xưa Có Một Con Bò…(Tái Bản),,59000,70000,11000,16,4.8,1026
19824204,Combo Doraemon Truyện Ngắn (45 Tập) - Tái Bản,,982800,1125000,142200,13,4.8,578
13419678,Sách Đi Tìm Lẽ Sống (Tái Bản ),,67760,88000,20240,23,4.8,2576
8885999,Sách Totto - Chan Bên Cửa Sổ (Tái Bản),,116000,120000,4000,3,5.0,2125
1647103,Sách Bà Ngoại Tôi Gửi Lời Xin Lỗi,,151500,190000,38500,20,4.8,138
279651026,Bộ Truyện BlueLock,,819000,910000,91000,10,5.0,1
279402825,Sách Mùa Nắng Ươm Mùi Bánh Thơm,,95460,129000,33540,26,5.0,3
279398053,"Sách Khi Tóc Mai Đã Bạc, Người Có Còn Bên Ta",,130410,189000,58590,31,4.0,2
279106083,Sách Thám tử ẩm thực Kamogawa,,83000,110000,27000,25,4.8,21
278859517,Sách Thương Tiến Tửu,,109900,169000,59100,35,5.0,50
278842696,Dị Văn Lục,,136100,209000,72900,35,5.0,4
278817070,Sách Đâu Đó Ngoài Khơi Xa - Phần Tiếp Theo Của Ngôi Nhà Bên Bờ Biển Xanh Thẳm,,176330,229000,52670,23,5.0,18
278691939,Sách Khi Đàn Sếu Bay Về Phương Nam,,130130,169000,38870,23,4.8,22
278445062,Sách Thuyết Mặc Kệ Họ,,131600,188000,56400,30,5.0,28
278280386,Sách Chuyển Động Thông Minh Đa Ngữ Việt - Anh - Pháp (Giúp Trẻ Nhận Biết Thế Giới Xung Quanh Thật Trực Quan Và Sinh Động),,92100,119000,26900,23,4.8,13
278275160,Sách Agatha Christie. Tấm gương nứt vỡ: Một vụ án của Jane Marple,,97000,125000,28000,22,5.0,22
278229522,Boxset Nguyên Tội Của Takopi (2 Tập),,90000,100000,10000,10,4.8,8
277812999,Sách Hồ Sơ Máu- Vén Màn 13 Vụ Án Rúng Động Mọi Thời Đại,,95910,139000,43090,31,4.6,11
277499422,Sách 5 Bài Học Của Ben Hogan: Những Nguyên Tắc Cơ Bản Hiện Đại Của Golf,,249600,399000,149400,37,5.0,3
276860230,Doraemon Plus Tập 7 (Bản Bìa Gập),,23750,25000,1250,5,4.2,5
276833162,Sách Chuyện Con Mèo Dạy Hải Âu Bay,,50400,70000,19600,28,5.0,2823
276823777,Sách Tại sao các quốc gia thất bại,,248000,310000,62000,20,5.0,67
276159943,Sách NEXUS - Lược Sử Của Những Mạng Lưới Thông Tin Từ Thời Đại Đồ Đá Đến Trí Tuệ Nhân Tạo,,200800,325000,124200,38,5.0,196
274928291,Historie,,43000,48000,5000,10,5.0,14
274844704,Sách Trong Đầu Có Giấu Con Voi,,150000,215000,65000,30,4.8,46
271535830,Shin - Cậu Bé Bút Chì - Tập 45,,23750,25000,1250,5,5.0,20
270234757,Sách Xứ Sở Miên Man,,176000,220000,44000,20,5.0,161
267208813,Sách Tuổi Thơ Dữ Dội - Tập 2,,64000,80000,16000,20,5.0,397
262590428,Sách Búp Sen Xanh,,64800,72000,7200,10,5.0,292
252456572,Sách Cẩm nang chăm sóc bé yêu (Tái bản đổi tên),,115000,159000,44000,28,5.0,13
249875150,Sách Hai số phận (bìa mềm),,186150,255000,68850,27,5.0,209
192475873,Sách Để Con Được Ốm,,108750,145000,36250,25,5.0,110
189940673,Sách Học Cách Học (Tái bản),,100200,159000,58800,37,4.8,66
185097189,Combo Nhà Có 5 Nàng Dâu ( 14 Tập) [Tái Bản 2025],,394250,415000,20750,5,0.0,0
179063564,Sách Tôi Tự Học,,83500,120000,36500,30,5.0,301
177637709,Sách Làm Chủ Bình Minh - Sống Đời Xuất Chúng - CLB 5 Giờ Sáng (Robin Sharma),,140000,185000,45000,24,5.0,173
173481363,Sách Bách Khoa Tri Thức Cho Trẻ Em,,201600,280000,78400,28,5.0,26
158641027,Sách Kẻ Nhắc Tuồng (Tái Bản),,153100,199000,45900,23,5.0,198
127649070,Sách Thay Đổi Câu Hỏi Thay Đổi Cuộc Đời,,52700,85000,32300,38,5.0,27
117238177,Sách Thư Viện Nửa Đêm,,126000,175000,49000,28,5.0,1969
114937969,Sách Rừng Nauy (Tái Bản),,163500,218000,54500,25,5.0,1152
106362865,Sách - Lão tử đạo đức kinh,,62400,99000,36600,37,4.8,97
32490132,Sách Một Đời Như Kẻ Tìm Đường,,141000,175000,34000,19,4.8,616
13443886,Sách Giáo Trình Chuẩn HSK 3 Bài Học (Kèm file MP3) - Tái Bản,,250000,288000,38000,13,4.8,340
2619499,Sách ​Liễu Phàm Tứ Huấn (Tái Bản),,46800,75000,28200,38,4.8,291
279419505,Sách Tiếng Anh Muôn Màu - Chọn Đúng Từ Dùng Đúng Lúc - Tác giả BS. Đỗ Trung Kiên,,119000,199000,80000,40,4.8,4
279395889,Sách One Piece - Tập 110,,180000,200000,20000,10,5.0,2
279376736,Sách Vị Hôn Thê Giản Dị Của Tôi Rất Dễ Thương Lúc Ở Nhà (Tập 2),,104250,139000,34750,25,5.0,1
279312656,Sách Hà Ô Lôi,,125300,179000,53700,30,4.5,13
279300720,Sách Agatha Christie. Kẻ thù giấu mặt,,114000,145000,31000,21,4.8,11
279258106,Takenote IELTS Từ vựng theo chủ đề (Band 5.5 - 7.5),,248000,336000,88000,26,5.0,2
279187927,Văn phòng thám tử quái vật,,32000,40000,8000,20,5.0,14
279149139,Làm Dâu Nhà Sói (Tập 1),,63200,79000,15800,20,5.0,5
278809843,Sách Án Mạng Trong Tháp Thủy Tinh,,150480,209000,58520,28,5.0,13
278516481,Sách Kiêu Hãnh Và Định Kiến,,156950,215000,58050,27,5.0,23
278491336,Sách Ngồi Khóc Trên Cây (Khổ Nhỏ),,61000,78000,17000,22,5.0,3
278451455,Sách Hoàng Đế Xứ Gladness - Ocean Vuong,,187500,250000,62500,25,4.8,20
278445298,Slam Dunk - Deluxe Edition ( Các Tập Lẻ),,59000,60000,1000,2,5.0,270
278123404,Vùng Đất Xa Xăm,,72000,90000,18000,20,4.6,21
278110636,Sách Kẻ Trộm Cà Chua,,65100,96000,30900,32,4.7,55
276886071,Sách Kiếp Nào Ta Cũng Tìm Thấy Nhau: Câu Chuyện Về Những Linh Hồn Tri Kỷ Vĩnh Viễn Không Chia Lìa,,87000,129000,42000,33,5.0,765
276652110,Sách Thôi miên bằng ngôn từ -  Sách Nghệ Thuật Bán Hàng Và Thuyết Phục Đỉnh Cao TB,,138900,185000,46100,25,4.5,2
276649996,Sách Sức Mạnh Của Niềm Tin,,150000,225000,75000,33,5.0,6
276641698,Tiệm sách của nàng (Nguyễn Nhật Ánh),,96000,125000,29000,23,5.0,121
276477770,Sách Storytelling - Lay Động Lòng Người Bằng Chuyện Kể,,164820,246000,81180,33,4.7,15
274599269,"Sách Nơi Nào Có Mẹ, Nơi Ấy Là Nhà",,67500,90000,22500,25,5.0,23
274175475,Frieren - Pháp Sư Tiễn Táng,,40500,45000,4500,10,5.0,48
272879984,Sách Nghệ Thuật Việt Nam,,150000,200000,50000,25,5.0,3
271379451,Sách Lý Thuyết Trò Chơi,,116200,179000,62800,35,4.7,488
270663112,Combo Thám Tử Lừng Danh Conan - Học Viện Cảnh Sát - Wild Police Story [Tập 1+2] (2 Cuốn),,54000,60000,6000,10,4.8,45
263514100,Sách Liệu Pháp Chữa Bệnh - Khu Phản Xạ,,105100,135000,29900,22,5.0,40
263052837,Dragon Ball Super Tập 14: Tuần Tra Viên Ngân Hà Son Goku,,28500,30000,1500,5,5.0,33
262800037,Tác Giả Kinh Điển Nhật Bản_Truyện Hay Cho Tuổi Học Đường,,45000,60000,15000,25,3.0,2
249866918,Sách WHO? Chuyện kể về danh nhân thế giới: Lionel Messi (Tái Bản),,48750,65000,16250,25,5.0,6
248541389,"Sách Sư Phạm Khai Phóng - Thế Giới, Việt Nam & Tôi",,152900,225000,72100,32,5.0,115
214186191,Sách Những Kẻ Xuất Chúng (Tái Bản),,108000,159000,51000,32,4.7,132
205581885,Sách Ba người thầy vĩ đại (Tái bản),,71900,115000,43100,37,5.0,246
187827445,Sách Lược Sử Thời Gian,,87400,115000,27600,24,5.0,161
177487151,Sách Nếu Biết Trăm Năm Là Hữu Hạn,,140000,159000,19000,12,5.0,274
77105730,Sách Tàn Ngày Để Lại (Bìa Cứng),,142560,198000,55440,28,4.8,735
57233240,Combo 5 Cuốn: Doraemon Thế Giới Khoa Học,,213750,225000,11250,5,4.8,47
19274771,Sách Chuỗi Án Mạng A.B.C (Tái Bản),,102000,125000,23000,18,5.0,673
17493918,Sách Luyện Nói Tiếng Trung Quốc Cấp Tốc Cho Người Bắt Đầu - Tập 2 (Kèm file MP3) (Tái Bản),,148000,188000,40000,21,5.0,114
12377498,Sách Bố Con Cá Gai (Tái Bản),,103500,138000,34500,25,5.0,1334
7718737,Sách Nghệ Thuật Tư Duy Rành Mạch (Tái Bản),,113960,148000,34040,23,4.8,1046
279375972,Sách Trái Dấu Hút Nhau (Chọn lẻ),,52000,60000,8000,13,5.0,7
279368485,Sách Đừng Động Vào Cún Con - Tập 3,,223200,279000,55800,20,5.0,7
279236314,"Sách Giáo Trình Chuẩn HSK - Bài học và Bài Tập: HSK 1, HSK 2, HSK 3",,168300,198000,29700,15,5.0,1
279019397,Khoa học khám phá. Nguồn gốc thời gian: Lý thuyết cuối cùng của Stephen Hawking,,155000,210000,55000,26,4.8,4
278694957,Sách Thành Phố Và Những Bức Tường Bất Định,,238700,310000,71300,23,5.0,15
278638861,Sách IELTS Writing: Viết Luận “Chất Như Nước Cất”,,140000,219000,79000,36,5.0,14
278602011,Sách Thứ Kình - Về Bên Anh,,140300,199000,58700,29,5.0,9
278495084,Sách Kỹ Năng Phòng Tránh Bắt Nạt Và Bạo Lực Học Đường,,30204,38000,7796,21,5.0,1
278279383,Sách Trong Gia Đình,,87000,120000,33000,28,0.0,0
278242178,Tủ sách vui để học - Sách tô màu - Dòng sách cầm tay,,81400,148000,66600,45,0.0,0
278159185,Sách Em học cách quản lí cảm xúc của mình,,18000,25000,7000,28,0.0,0
278128712,Sách Bồi Dưỡng Tính Cách Tự Tin Và Mạnh Mẽ Cho Trẻ,,23400,32000,8600,27,0.0,0
278119757,Sách Mossad: Chiến Dịch Tình Báo Huyền Thoại - Những Điệp Vụ Kinh Điển Làm Rúng Động Thế Giới,,157500,229000,71500,31,4.6,17
277165432,"Sách Hành Lang Hẹp - Nhà Nước, Xã Hội Và Vận Mệnh Của Tự Do",,313000,397000,84000,21,5.0,44
276933751,Combo Giáo Trình Chuẩn YCT 2 - Sách Bài Học và Bài tập (Bộ 2 cuốn),,169000,216000,47000,22,0.0,0
276928994,Bộ Sách Móng Vuốt Quạ Đen,,368000,460000,92000,20,5.0,28
276388548,Sách Tư Duy Nhanh Và Chậm (Tái Bản),,169500,269000,99500,37,4.7,246
275928713,Sách Đọc Vị Mọi Vấn Đề Của Trẻ - Giải Mã Mọi Vấn Đề Về Nuôi Con Nhỏ: Ăn - Ngủ - Kỷ Luật Hành Vi,,183300,239000,55700,23,5.0,588
275043092,Sách Đầu Tư Vào Vàng - Khoản Đầu Tư Tuyệt Đối An Toàn Thiết Yếu Cho Mỗi Danh Mục Đầu Tư (Jonathan Spall),,108000,159000,51000,32,4.6,17
273844978,Sách Thao Túng Tâm Lý,,114500,169000,54500,32,4.7,1430
272058579,Sách Basic Ielts Listening (Quét Mã QR Để Nghe File MP3),,201000,248000,47000,19,4.5,11
272003238,Nụ hôn tinh nghịch,,72000,90000,18000,20,5.0,36
271219230,Sách Chiến tranh không có một khuôn mặt phụ nữ (Tái bản),,132000,180000,48000,27,4.7,117
205148094,Sách Cánh Cửa Mở Rộng -Thần Thoại Sisyphus,,78000,95000,17000,18,5.0,73
195969664,Tokyo Revengers - Tập 4,,78650,115000,36350,32,5.0,204
195801321,Sách The One Thing - Điều Ý Nghĩa Nhất (Tái Bản 2022),,81100,119000,37900,32,4.7,118
176909221,Sách Ngôi Nhà Bên Bờ Biển Xanh Thẳm,,153230,199000,45770,23,5.0,550
160585832,Sách Veil – Sắc Trắng Yêu Kiều - Tập 3 (Tặng Kèm Postcard),,91100,109000,17900,16,5.0,287
76175345,Sách Ăn Theo Nhóm Máu,,137700,199000,61300,31,4.8,143
56750844,Sách Tiểu Sử Steve Jobs (Tái Bản 2020),,282000,449000,167000,37,4.8,364
55319105,Sách Những Quy Luật Của Bản Chất Con Người,,236000,300000,64000,21,4.8,888
54266567,Sách Nghĩ Giàu Và Làm Giàu (Bìa Mềm),,84700,110000,25300,23,5.0,1853
32219488,Sách Doanh Nghiệp Của Thế Kỷ 21 (Tái Bản 2019),,82000,100000,18000,18,4.8,490
20611171,Combo Tý Quậy ( 10 tập ),,300000,400000,100000,25,4.7,49
15267827,Sách Hoàng Tử Bé (Tái Bản),,74000,86000,12000,14,5.0,3531
10581200,Sách Dế Mèn Phiêu Lưu Ký (Tái Bản),,39200,50000,10800,22,5.0,1320
10005245,Sách Đàn Ông Sao Hỏa Đàn Bà Sao Kim,,139000,188000,49000,26,4.8,4240
7496289,Sách Sơn Nam - Lịch Sử Khẩn Hoang Miền Nam (Tái Bản),,90000,115000,25000,22,4.8,99
3102749,Sách Bất Động Sản Căn Bản (Tái Bản 2018),,121400,199000,77600,39,4.7,130
544731,Sách Giáo Trình Chuẩn HSK 2 - Bài Học (Kèm file MP3),,165000,198000,33000,17,5.0,475
279391315,Sách Điềm Dược - Viên Thuốc Ngọt Ngào Mang Tên Em (Tập 1),,135240,196000,60760,31,4.3,4
279342169,Sách Tâm Lý Học Đọc Vị,,81750,109000,27250,25,0.0,0
279325501,Sách Chân Cứng Đá Mềm - Hồi ký Xuân Phượng,,105000,150000,45000,30,5.0,3
279292563,Truyện Tranh - Nơi Dãy Núi Điên Dại,,38000,40000,2000,5,5.0,7
278894059,"Sách Mình Chia Tay Rồi, Có Nhớ Không?",,63480,92000,28520,31,5.0,4
278814503,Sách Bảng Xếp Hạng Quân Vương [Chọn Tập Lẻ,,42750,42750,0,0,5.0,7
278723591,Sách Continental Saigon – Từ Hào Quang Đế Quốc Đến Giấc Mộng Đông Dương Tan Vỡ,,267000,339000,72000,21,5.0,2
278692091,Sách Giải Mã Kiểu Gắn Bó Của Bạn,,119350,155000,35650,23,5.0,3
278590521,Sách Agatha Christie - Kỳ Án Bảy Mặt Đồng Hồ,,96000,132000,36000,27,4.8,19
278518858,Thị Trấn Mèo - Tập 10 [Tặng Kèm Postcard],,64500,68000,3500,5,5.0,5
278377639,Sách Sứ Mệnh Hail Mary – Project Hail Mary,,160930,209000,48070,23,4.8,74
277923352,Sách Hỏi đáp nhanh trí,,52000,78000,26000,33,0.0,0
277543284,Kotaro sống một mình,,38000,48000,10000,21,5.0,22
277499663,Sách NVIDIA Cỗ Máy Tư Duy Vĩ Đại,,162100,249000,86900,35,4.8,20
276718105,Sách Ngữ Pháp Tiếng Anh Tối Giản dành cho người mới bắt đầu - Tác giả BS. Đỗ Trung Kiên,,99000,196000,97000,49,5.0,39
276526058,Sách Jane Eyre,,208050,285000,76950,27,4.8,43
276289473,Sách Triết lý của Inamori Kazuo Chúng ta sống vì điều gì?,,85000,105000,20000,19,5.0,9
272449818,Sách MANIFEST – 7 Bước Để Thay Đổi Cuộc Đời Bạn Mãi Mãi,,83930,109000,25070,23,5.0,157
271162836,Sách Beartown 2: Chúng tôi đấu với các bạn,,179000,225000,46000,20,5.0,135
270790349,Shin - Cậu Bé Bút Chì Tập 16,,23500,25000,1500,6,4.8,28
263500714,Sách Dạy Con Làm Giàu (Tập 2) - Sử Dụng Đồng Vốn,,112000,145000,33000,23,5.0,1472
262590359,Sách Hoàng Tử Bé,,26880,35000,8120,23,5.0,334
247442507,Doraemon Tranh Truyện Màu - Nobita Tây Du Kí Tập 2 (Tái Bản 2023),,28500,30000,1500,5,5.0,2
207256575,Sách Định luật Murphy – Mọi bí mật tâm lý thao túng cuộc đời bạn,,91630,119000,27370,23,4.8,634
195801641,Sách Tâm Lý Học Trẻ Em,,164000,195000,31000,16,5.0,15
190601856,Sách Tâm,,81000,109000,28000,26,5.0,43
186286187,Sách Nhà Lãnh Đạo Không Chức Danh,,83500,105000,21500,20,5.0,180
184419723,Sách Sapiens Lược Sử Loài Người (Tái Bản 2022),,197400,299000,101600,34,5.0,456
176909246,Sách Bí Quyết Bấm Huyệt Chữa Bệnh,,137060,178000,40940,23,4.8,110
157240665,"Ra Bờ Suối Ngắm Hoa Kèn Hồng (Truyện Dài-Nguyễn Nhật Ánh)- Bìa Cứng (Màu Trắng)[Tặng Kèm: Bookmark Bồi Hai Mặt, Thiệp Trái Tim In Bài Thơ Của Tác Giả, Đặc Biệt Tặng Kèm Phiên Bản Khổ Nhỏ Tựa Sách Út Quyên Và Tôi (Cùng Tác Giả)]",,213000,265000,52000,20,5.0,2117
143226165,Sách Cẩm Nang Khám Phá Cơ Thể Người (Tặng Kèm Bookmark),,76230,99000,22770,23,4.8,247
111285062,Sách Đắc Nhân Tâm (Bìa Mềm)(Tái Bản),,66220,86000,19780,23,4.8,1096
104769768,Máy Tính CASIO FX580VN X-BU (Màu,Casio,752000,950000,198000,21,5.0,894
58533769,Combo 2 Cuốn: Tớ Muốn Ăn Tụy Của Cậu - Tập 1 + Tập 2 (Tái Bản),,68400,72000,3600,5,4.5,26
49910019,Sách Bác Sĩ Riêng Của Bé Yêu - Chào Con! Ba Mẹ Đã Sẵn Sàng (Tái Bản),,75000,95000,20000,21,5.0,633
34956336,Doraemon Plus Tập 6 (Tái Bản),,21600,25000,3400,14,5.0,1
30757177,Sách Bản Chất Của Người,,99330,129000,29670,23,4.7,154
24951095,Sách Mắt Biếc (Tái Bản 2019),,90000,110000,20000,18,5.0,2975
3639597,Sách Bước Chậm Lại Giữa Thế Gian Vội Vã (Tái Bản),,77000,100000,23000,23,4.8,4056
638185,Sách Tự Học Đột Phá - Kĩ Năng Viết Lại Câu Tiếng Anh,,102000,139000,37000,27,4.8,313
279323586,Sách Dấu Ấn Hoàng Gia - Tập 51 [Tặng Kèm Postcard],,28500,30000,1500,5,0.0,0
279298520,"Sách Tớ, Cậu và Những Điều Lấp Lánh",,123750,165000,41250,25,5.0,5
279120672,Sách Codename Anastasia (Tập 2),,166500,225000,58500,26,4.8,12
279082305,Spy X Family - Tập 14,,27000,30000,3000,10,5.0,4
278836816,Lời Thì Thầm Tinh Tú – Star Whispers (Bộ Bài Và Sách Hướng Dẫn),,240000,300000,60000,20,5.0,4
278788075,Sách Những Ngày Thường Bất Ổn Của Yano [Chọn Tập Lẻ,,42750,45000,2250,5,4.2,10
278690058,"Combo 3 Cuốn Destination Grammar & Vocabulary B1, B2, C1&C2 (Kèm Đáp Án)",,478000,615000,137000,22,5.0,6
278602020,Sách Kẹo Dâu Tây Và Tiểu Tiên Nữ Của Anh – Tập 2,,147000,196000,49000,25,5.0,10
278504736,Cánh Tư và Lửa Thép (Combo và Lẻ),,256000,325000,69000,21,4.8,190
278489406,Sách Tôi Thấy Hoa Vàng Trên Cỏ Xanh (Khổ Nhỏ),,66300,80000,13700,17,5.0,4
278070702,Sách Anh Em Bình Thường,,50100,75000,24900,33,0.0,0
277963698,"Sách Huyễn Tưởng Về Bình Thường - Sang Chấn Tâm Lý, Bệnh Tật Và Chữa Lành Trong Một Nền Văn Hóa Độc Hại",,265650,345000,79350,23,5.0,13
277447120,[5 REAMS] Thùng 5 Ream Giấy A4 Deli Giấy In Photo Copy 70gsm Chính Hãng Loại Dày 2500 Tờ Chống Lóa Giấy Mắt,Deli,475000,621000,146000,24,5.0,8
276859727,Spy X Family Tập 11 (Bản Thường),,28500,30000,1500,5,5.0,4
276653136,Sách Hồ Điệp Và Kình Ngư,,116400,155000,38600,25,4.6,14
276613280,Sách Tục Ngữ Phong Dao (Theo bản in của Mặc Lâm năm 1967),,102200,145000,42800,30,4.7,3
276377311,Sách Ông trăm tuổi tái xuất và giải cứu thế giới (Jonas Jonasson),,158000,190000,32000,17,4.8,46
275406600,Sách Dẫn Dắt Một Bầy Sói Hay Chăn Một Đàn Cừu,,126300,195000,68700,35,4.7,98
275007887,Từ Điển Anh - Việt Trên 145.000 Mục Từ Và Định Nghĩa (Bìa mềm) - Tái bản,,97375,130000,32625,25,3.0,1
270837098,Quốc Kì Các Nước Trên Thế Giới - Sách Dán Hình Thông Minh Kèm Bản Đồ Thế Giới- Với Hơn 400 Lá Cờ Bóc Dán,,48300,65000,16700,26,4.8,6
270438217,Sách Maurice,,108000,120000,12000,10,4.8,11
261982682,Sách Cuộc cách mạng Glucose,,115340,158000,42660,27,5.0,117
243006533,Sách Britt-Marie Đã Ở Đây (Fredrid Backman),,139000,165000,26000,16,5.0,90
242425015,Sách Không Bao Giờ Là Thất Bại! Tất Cả Là Thử Thách (Bìa Mềm),,160160,208000,47840,23,4.8,42
204000450,Combo Sách Giáo Trình Chuẩn HSK 1 - Sách Bài Học Và Bài Tập (Bộ 2 Cuốn),,299000,356000,57000,16,5.0,113
200851515,"Sách Dọn đường tâm lý, thuyết phục chắc thắng",,133000,160000,27000,17,5.0,10
191782162,Sách Trên Đường Băng (Tony Buổi Sáng),,80000,105000,25000,24,5.0,168
190707619,Sách Của Chuột Và Người,,66000,90000,24000,27,4.8,114
190238356,Sách Kỷ Luật Bản Thân,,155600,239000,83400,35,4.7,236
161008715,Sách Power Vs Force - Trường Năng Lượng Và Những Nhân Tố Quyết Định Hành Vi Của Con Người (Tái Bản),,137100,219000,81900,37,5.0,601
113530805,Sách Tuổi Trẻ Đáng Giá Bao Nhiêu (Tái Bản),,108750,145000,36250,25,4.8,1539
110883359,Sách Lũ Người Quỷ Ám,,337500,450000,112500,25,4.5,167
82912488,Sách Từ Tốt Đến Vĩ Đại (Tái bản),,106000,130000,24000,18,5.0,1282
75307228,Sách OSHO Yêu - Being In Love - Yêu Trong Tỉnh Thức,,117600,168000,50400,30,5.0,2146
72459686,Sách How Psychology Works - Hiểu Hết Về Tâm Lý Học,,273350,355000,81650,23,4.8,3436
17336364,Sách Phía Sau Nghi Can X (Tái Bản),,99330,155000,55670,36,4.8,3581
10392851,Sách Tôi Thấy Hoa Vàng Trên Cỏ Xanh,,124000,150000,26000,17,5.0,890
8234989,Sách Ticket To Childhood,,80000,100000,20000,20,4.8,57
595726,Sách Giáo Trình Chuẩn HSK 4 Bài Học (Tập 2),,189900,238000,48100,20,5.0,296
347334,Sách Có Hai Con Mèo Ngồi Bên Cửa Sổ,,80000,100000,20000,20,4.7,1348
279366196,Sách Plants Vs Zombies Trái Cây Đại Chiến Zombie – Hỏi Đáp Khoa Học,,71540,98000,26460,27,0.0,0
279322222,Sách Lam Sơn Thực Lục,,60000,80000,20000,25,4.5,2
279259349,Sách Trí Tuệ Quỷ Cốc Tử (Nghệ Thuật Đối Nhân Xử Thế),,65100,100000,34900,35,4.8,20
279259095,Sách Dạ Khúc Hồi Tưởng,,119250,159000,39750,25,4.8,25
279063977,Sách Người Bố Cá Gai Của Tôi (Bố con cá gai Phần 2),,120000,150000,30000,20,5.0,22
278896961,Sách Một Người Rừng Thông Thái,,80600,119000,38400,32,0.0,0
278881187,Sách Nông Trường Kỳ Ảo,,126000,179000,53000,30,5.0,19
278809847,Sách Là Họa Không Thể Tránh (Tập 1 + Tập 2),,252000,350000,98000,28,4.8,8
277045427,Sách The Daily Drucker: Kim Chỉ Nam Mỗi Ngày Về Quản Trị Kinh Doanh,,207200,290000,82800,29,5.0,7
276933741,Sách Trà hoa nữ,,62780,86000,23220,27,5.0,16
276833106,Sách Khúc Ca Chuộc Tội,,117660,159000,41340,26,4.8,28
276109497,Spy X Family Tập 10,,28500,30000,1500,5,5.0,14
275793457,Sách Méthode Rose - Phương pháp hồng năm thứ nhất với đàn piano - Giáo trình dạy piano nổi tiếng của Pháp - File Audio đánh mẫu tặng kèm trên website,,142350,195000,52650,27,5.0,88
274318142,Sách Sơn Hà Bất Dạ Thiên,,109000,169000,60000,36,5.0,23
273383957,Sách TIỂU SỬ ELON MUSK - Bản thường: Bìa cứng áo ôm,,332200,499000,166800,33,4.8,82
273219000,Shin - Cậu Bé Bút Chì Tập 34,,23750,25000,1250,5,5.0,8
271118010,Sách Giao Tiếp Bất Bạo Động (Nonviolent Communication),,105000,155000,50000,32,5.0,148
270546273,Combo Tư Duy Ngược + Tư Duy Mở (Nguyễn Anh Dũng) SBOOKS ,,170000,180000,10000,6,4.7,208
245787187,Gã nghiện giày - Tự truyện của nhà sáng lập Nike,,157000,200000,43000,22,4.7,29
215983686,Combo Shin - Cậu Bé Bút Chì - Đặc Biệt  (8 Tập),,195000,200000,5000,3,4.8,8
194960744,Sách Đừng bao giờ đi ăn một mình,,122000,145000,23000,16,5.0,65
189643105,Sách Không Phải Sói Nhưng Cũng Đừng Là Cừu -Tặng kèm bookmark 2 mặt,,99840,138000,38160,28,4.8,1515
187824773,Tướng Về Hưu Và Những Truyện Khác (Bản Đặc Biệt),,269000,360000,91000,25,5.0,48
184774173,Sách Những Người Nhật Tử Tế,,108040,148000,39960,27,5.0,194
173515978,My Hero Academia - Học Viện Siêu Anh Hùng Tập 8: Yaoyorozu: Trỗi Dậy (Tái Bản 2022),,28500,30000,1500,5,5.0,2
132366458,Sách Hướng Dẫn Chẩn Đoán Tâm Lý Tâm Thần Theo DSM-5,,182400,240000,57600,24,5.0,41
124767704,Sách Bạn Đắt Giá Bao Nhiêu? (Tái Bản),,107030,139000,31970,23,5.0,400
103379147,Sách Bạch Dạ Hành (Tái Bản),,201600,280000,78400,28,4.8,1215
92492870,Combo 6 Cuốn Ehon Nhật Bản : Ai Ở Sau Lưng Bạn Thế (Tái Bản),,166200,234000,67800,29,5.0,292
75813211,Sách TS Thu Giang - Lão Tử Đạo Đức Kinh (Tái Bản),,100000,130000,30000,23,5.0,105
75813201,Sách Không Đến Một (Tái Bản - Bìa Cam),,91000,110000,19000,17,5.0,335
71072209,Sách Nhân Gian Đáng Giá,,86000,128000,42000,33,5.0,149
67991602,Sách Đừng Làm Việc Chăm Chỉ Hãy Làm Việc Thông Minh,,139000,175000,36000,21,4.8,1766
62373313,Sách Những Đòn Tâm Lý Trong Thuyết Phục,,142800,229000,86200,38,4.8,140
49002497,Sách Tâm Bệnh Học,,110200,145000,34800,24,5.0,189
37887031,Sách Hiểu Nghèo Thoát Nghèo (Tái Bản),,120000,160000,40000,25,4.8,184
22383811,Sách Becoming - Chất Michelle,,231000,300000,69000,23,4.8,1076
19274773,Sách Di Sản Hồ Chí Minh - Những Mẩu Chuyện Về Đời Hoạt Động Của Chủ Tịch Hồ Chí Minh (Tái Bản),,65000,80000,15000,19,4.7,13
13105192,Doraemon - Chú Mèo Máy Đến Từ Tương Lai Tập 43 (Tái Bản),,20900,22000,1100,5,5.0,33
9810500,Sách Từ Câu Sai Đến Câu Hay,,102000,150000,48000,32,5.0,57
279444186,OpenClaw : Ứng Dụng AI Tự Động Hóa Trong Công Việc,,201750,269000,67250,25,5.0,2
279391329,Sách Trị Liệu Cảm Xúc Bằng Hương Thơm,,116500,179000,62500,35,0.0,0
279321796,Sách Thế Hệ Burnout – Vì Sao Chúng Ta Kiệt Sức?,,97500,130000,32500,25,0.0,0
279269138,Sách - Quy Tắc Mehrabian,,108800,128000,19200,15,4.7,3
279267003,Sách Tiếng Lòng Khó Giấu (Tập 1),,126750,169000,42250,25,4.8,37
279237463,Sách - Sách Lớp Học Mật Ngữ - Phiên Bản Mới - Tập 1-9 (Tái Bản 2025) - Tặng Kèm Quà Tặng Ngẫu Nhiên,,30000,30000,0,0,0.0,0
278948837,Boxset Orange - Lá Thư Từ Tương Lai [Tặng Kèm Set 8 Postcard],,299250,315000,15750,5,4.3,3
278159167,"Vui đọc truyện, khéo tay tô - Truyện cổ tích về các nàng công chúa",,15400,20000,4600,23,0.0,0
278138889,Sách Khoa Học Diệu Kỳ: Công Nghệ Y Học - Từ Ống Tiêm Nhỏ Bé Cho Đến Robot Cứu Mạng,,26000,35000,9000,26,0.0,0
278029748,Sách Ăn Dặm Không Phải Là Cuộc Chiến,,231200,369000,137800,37,4.8,192
277402962,ReLIFE,,59400,75000,15600,21,5.0,7
277164014,Sách Lưu Thông Máu Tốt Hóa Giải Bách Bệnh,,88200,119000,30800,26,5.0,256
276835583,Sách Hot Search Trời Giáng,,118200,189000,70800,37,5.0,16
274807853,Sách Building A Second Brain - Thiết Lập Bộ Não Thứ 2,,133300,189000,55700,29,5.0,23
274031577,Series các tập ATTACK ON TITAN - Combo tập 1-2-3,,133820,144000,10180,7,5.0,4
273691882,Sách Bốn nghìn tuần - Quản lý thời gian khi cuộc đời là hữu hạn,,121660,158000,36340,23,5.0,10
272122637,Chú Thuật Hồi Chiến Tập 17: Ngậm Ngọn Cỏ Lau,,28500,30000,1500,5,5.0,28
270463602,Shin - Cậu Bé Bút Chì Tập 1,,23750,25000,1250,5,5.0,24
267178870,Doraemon Tuyển Tập Tranh Truyện Màu - Tập 1,,47500,50000,2500,5,5.0,72
197633149,Sách Chuyện Phiêu Lưu Của Mít Đặc Và Các Bạn (Tái Bản),,135000,180000,45000,25,5.0,19
179063980,Sách Tại Sao Đàn Ông Thích Tình Dục Và Phụ Nữ Cần Tình Yêu (Tái Bản 2022),,207000,248000,41000,17,4.8,43
158972052,Sách Cẩm Nang Con Trai,,52360,68000,15640,23,5.0,45
147920907,Combo Bộ 6 Cuốn: Thư Viện Song Ngữ Đầu Tiên Cho Bé (0-3 Tuổi),,105600,132000,26400,20,5.0,44
100347901,Sách Tam Thể 1 (Tái Bản),,132000,185000,53000,29,5.0,253
87941401,Lối Tắt Khởi Nghiệp - Con Đường Ngắn Từ Tay Trắng Đến Thành Công Bền Vững,,129000,169000,40000,24,4.8,499
82936273,Sách Óc Sáng Suốt (Tái Bản 2021),,50000,60000,10000,17,4.8,272
80417215,Sách Việt Nam Sử Lược (Bìa Mềm) (Tái Bản),,112600,160000,47400,30,5.0,42
79672197,Sách Bí Mật Của May Mắn (Khổ Nhỏ)(Tái Bản),,34650,45000,10350,23,5.0,540
77105707,Ngọn Đèn Không Tắt - Tập Truyện Ngắn (Nguyễn Ngọc Tư),,54000,65000,11000,17,4.8,19
76228337,Sách Thất Lạc Cõi Người (Bìa Mềm),,90000,119000,29000,24,4.8,339
72667834,Sách Ehon - Combo 3 Cuốn Âm Thanh Quanh Bé - Dành Cho Trẻ Từ 0 - 6 Tuổi,,87750,117000,29250,25,5.0,465
68059466,Sách Tư Duy Đặt Cược: Quyết Định Sáng Suốt Hơn Khi Không Có Đủ Thông Tin,,103000,130000,27000,21,4.8,67
31509726,Sách Làm Bạn Với Bầu Trời (Bìa Mềm) (Tặng Kèm Khung Ảnh Số Lượng Có Hạn),,81700,110000,28300,26,5.0,2194
24403748,Sách Đêm Vô Tận,,84000,105000,21000,20,5.0,275
16284286,Sách Tuổi Thơ Dữ Dội - Tập 1 (Tái Bản),,72000,80000,8000,10,5.0,369
10737029,Combo Thế Giới Xe Công Trình (6 Cuốn),,117000,156000,39000,25,4.8,226
10678954,"Sách Full bộ Ehon Nhật Bản cho bé 0-6 tuổi thông minh, sáng tạo",,292500,390000,97500,25,4.8,1089
3640421,Sách Đắc Nhân Tâm - Bản Dịch Gốc Từ Nguyễn Hiến Lê (Tặng Kèm Audio Book),,68000,90000,22000,24,4.7,967
3082815,Tự Truyện Benjamin Franklin (Tái Bản),,74100,109000,34900,32,4.8,594
464132,Truyện Kiều,,31000,35000,4000,11,5.0,219
279402018,Sách Quán Cơm Tỳ Hưu - Chỉ Có Vào Không Có Ra (Tập 4),,214830,279000,64170,23,5.0,4
279395884,Sách Dấu Ấn Hoàng Gia - Tập 57,,27000,30000,3000,10,5.0,3
279298882,Sách Toán Học Của Thịnh Vượng - Phép Tính Đơn Giản Để Đạt Được An Toàn Tài Chính,,186000,248000,62000,25,5.0,2
279267466,Sách Tự Chống Lưng,,75210,109000,33790,31,0.0,0
278893208,Xây Dựng Câu Chuyện Thương Hiệu,,142600,219000,76400,35,0.0,0
278814932,Flashcard Tư Duy Lãnh Đạo - Rèn Tư Duy Dẫn Dắt & Hành Động Hiệu Quả,,121600,179000,57400,32,5.0,1
278159875,Sách Người Ăn Chay,,115500,150000,34500,23,4.8,47
278100335,Sách Ánh Sao Bên Tôi,,140000,175000,35000,20,5.0,23
277922893,Sách Cửa Tiệm Chỉ Mở Vào Ngày Mưa,,112420,146000,33580,23,4.8,10
276641306,Tiệm Sách Của Nàng - Tặng Kèm Bookmark Photostrip + Sổ Tay Màu Ngẫu Nhiên,,116200,125000,8800,7,5.0,11
